model_role,model_id,model_family,n_features,feature_ids,n_ad_control,n_ad,n_control,n_mci,auc_ad_vs_control,auc_ci_low,auc_ci_high,mean_ad,mean_control,mean_mci,mci_between_control_ad,reaches_auc_070
frozen_primary_gene_only,sig_dev_p_k3,signed_mean_signature,3,6166;4694;1069,427,198,229,124,0.554298442944731,0.50011744078338,0.604219597723965,0.0894009593952326,-0.110345528313387,0.0610301292218471,TRUE,FALSE
frozen_primary_integrated,glmnet_dev_auc_k5_a05_lambda.min_clin,glmnet_alpha_0.5,5,4694;4725;6166;6230;1069,427,198,229,124,0.566538749944864,0.512770720303471,0.620187684707335,0.598012985093586,0.550166668029797,0.608675455557915,FALSE,FALSE
train_dev_refit_selected_without_gse140829,refit_glmnet_dev_p_k100_a05_lambda.1se_gene,glmnet_alpha_0.5,97,6166;4694;1069;6230;4725;51506;51258;10063;7388;529;23218;6119;5052;6233;539;521;522;51503;6727;4637;199;2959;51382;9553;10312;79921;153527;10094;3646;153222;103910;6135;54460;54543;51399;84154;3684;219402;404672;168537;6645;3945;10632;6124;6229;2079;23053;6728;1178;3301;56943;6128;442454;101;6171;2483;22826;64776;6224;5204;1933;4830;23658;51023;26156;51639;6633;6144;5684;6232;8837;6152;7295;3015;7347;10412;25983;1337;51650;29093;1316;132299;114785;3476;6647;6156;7381;515;10987;3336;338692;6165;51372;6136;6154;51318;55262,427,198,229,124,0.569295575845794,0.517443540205549,0.623928146089718,0.567880018704806,0.512161044132593,0.561100125795765,TRUE,FALSE
