dataset_accession,pc1_variance,pc2_variance
GSE63060,0.250012005758734,0.123161772887344
GSE63061,0.296348574266852,0.109472625183939
GSE85426,0.37644304627586,0.211730616833878
