method,cv_auc_max,lambda_min,lambda_1se
within_GSE85426_cv_glmnet_alpha_0,0.658287638287638,1.52548860087159,34.4305785424394
within_GSE85426_cv_glmnet_alpha_0.5,0.667661674745008,0.0225489244287082,0.0359042643761806
within_GSE85426_cv_glmnet_alpha_1,0.659097954514621,0.00138996839799292,0.0395867985347608
