selection_role,model_id,source_model_id,model_family,covariate_mode,n_model_features,source_development_auc,combined_train_dev_auc,combined_cv_auc,final_auc,reaches_final_auc_070,feature_ids,selection_score
train_dev_refit_selected_without_final,refit_glmnet_dev_p_k100_a05_lambda.1se_gene,glmnet_dev_p_k100_a05_lambda.1se_gene,glmnet_alpha_0.5,gene_only,100,0.77773005476216,0.842984376849331,0.859312504412012,0.586666666666667,FALSE,6166;4694;1069;6230;4725;51506;51258;10063;7388;529;23218;6119;5052;7979;6233;539;521;522;51503;6727;4637;199;2959;51382;9553;10312;79921;153527;10094;3646;153222;103910;6135;54460;54543;51399;653505;84154;3684;219402;404672;168537;6645;3945;10632;6124;6229;2079;23053;6728;1178;3301;56943;6128;442454;101;51019;6171;2483;22826;64776;6224;5204;1933;4830;23658;51023;26156;51639;6633;6144;5684;6232;8837;6152;7295;3015;7347;10412;25983;1337;51650;29093;1316;132299;114785;3476;6647;6156;7381;515;10987;3336;338692;6165;51372;6136;6154;51318;55262,0.859312504412012
train_dev_refit_posthoc_best_final_not_primary,refit_glmnet_dev_fdr_concordant_auc_k100_a0_lambda.min_clin,glmnet_dev_fdr_concordant_auc_k100_a0_lambda.min_clin,glmnet_alpha_0,gene_plus_age_gender,100,0.782454633308279,0.889232453544798,0.845572537525182,0.639506172839506,FALSE,4694;4725;6166;6230;1069;51506;51258;6119;7388;10063;23218;7979;539;6233;521;5052;529;51503;6727;10312;54460;522;54543;442454;9553;6135;1933;79921;6229;168537;3945;23658;84154;64776;404672;153222;6645;199;10094;6728;5204;6128;101;1178;8837;3646;10412;653505;338692;6129;2959;51382;1316;4637;51399;3684;9170;26156;51650;5684;6154;6124;3301;6171;23053;7347;56943;153527;114785;388789;388962;3476;10632;6224;7297;51019;219402;6647;6152;3385;103910;2483;25983;3015;6144;22826;6741;4712;2079;6633;9349;4830;7381;51318;3687;3336;55262;6232;132299;29889,0.845572537525182
